npclassifier_superclass,count,dataset
Nucleosides,3,Complete_Labeled_Significant_7_1point8_pur
Glycerolipids,2,Complete_Labeled_Significant_7_1point8_pur
Diterpenoids,1,Complete_Labeled_Significant_7_1point8_pur
Fatty Acids and Conjugates,1,Complete_Labeled_Significant_7_1point8_pur
Fatty acyls,1,Complete_Labeled_Significant_7_1point8_pur
Monoterpenoids,1,Complete_Labeled_Significant_7_1point8_pur
Oligopeptides,1,Complete_Labeled_Significant_7_1point8_pur
Pseudoalkaloids,1,Complete_Labeled_Significant_7_1point8_pur
Small peptides,1,Complete_Labeled_Significant_7_1point8_pur
